"00:00","midnight","#CLO","/net/gsb/pmb/out/p00/d2168"
"and","en","#AND","/net/gsb/pmb/out/p22/d1375"
"equal","=","#AND","/net/gsb/pmb/out/p65/d1042"
"equal","=","#AND","/net/gsb/pmb/out/p65/d1042"
"equal","=","#AND","/net/gsb/pmb/out/p65/d1042"
"equal","=","#AND","/net/gsb/pmb/out/p68/d0996"
"meter","m","#AND","/net/gsb/pmb/out/p35/d1378"
"00:00","midnight","#CLO","/net/gsb/pmb/out/p01/d1360"
"00:00","midnight","#CLO","/net/gsb/pmb/out/p06/d1643"
"00:00","midnight","#CLO","/net/gsb/pmb/out/p13/d2288"
"00:00","midnight","#CLO","/net/gsb/pmb/out/p16/d2669"
"00:00","midnight","#CLO","/net/gsb/pmb/out/p18/d3339"
"00:00","midnight","#CLO","/net/gsb/pmb/out/p19/d3262"
"00:00","midnight","#CLO","/net/gsb/pmb/out/p27/d3458"
"00:00","midnight","#CLO","/net/gsb/pmb/out/p38/d2148"
"00:00","midnight","#CLO","/net/gsb/pmb/out/p42/d1493"
"00:00","midnight","#CLO","/net/gsb/pmb/out/p46/d2150"
"00:00","midnight","#CLO","/net/gsb/pmb/out/p65/d1424"
"00:00","midnight","#CLO","/net/gsb/pmb/out/p68/d1082"
"01:00","1~a.m.","#CLO","/net/gsb/pmb/out/p93/d1236"
"01:00","one","#CLO","/net/gsb/pmb/out/p16/d0926"
"01:00","one~o'clock","#CLO","/net/gsb/pmb/out/p09/d0883"
"01:00","one~o'clock","#CLO","/net/gsb/pmb/out/p38/d3094"
"01:30","half~past~one","#CLO","/net/gsb/pmb/out/p31/d2450"
"02:00","2:00~a.m.","#CLO","/net/gsb/pmb/out/p36/d1704"
"02:00","two~o'clock","#CLO","/net/gsb/pmb/out/p12/d1464"
"02:00","two~o'clock","#CLO","/net/gsb/pmb/out/p29/d1852"
"02:00","two~o'clock","#CLO","/net/gsb/pmb/out/p35/d2186"
"02:00","two~o'clock","#CLO","/net/gsb/pmb/out/p58/d3538"
"02:30.","2:30~a.m.","#CLO","/net/gsb/pmb/out/p93/d2518"
"02:30","2:30","#CLO","/net/gsb/pmb/out/p81/d2890"
"02:30","2:30","#CLO","/net/gsb/pmb/out/p91/d2761"
"02:30","half~past~two","#CLO","/net/gsb/pmb/out/p98/d2796"
"03:00","3:00~a.m.","#CLO","/net/gsb/pmb/out/p04/d3226"
"03:00","3:00~a.m.","#CLO","/net/gsb/pmb/out/p72/d2215"
"03:00","3~o'clock","#CLO","/net/gsb/pmb/out/p32/d2504"
"03:00","three~o'clock","#CLO","/net/gsb/pmb/out/p16/d0926"
"03:00","three~o'clock","#CLO","/net/gsb/pmb/out/p31/d1141"
"03:00","three~o'clock","#CLO","/net/gsb/pmb/out/p31/d2735"
"03:00","three~o'clock","#CLO","/net/gsb/pmb/out/p34/d3213"
"03:30","half~past~three","#CLO","/net/gsb/pmb/out/p37/d2107"
"04:00","4:00~a.m.","#CLO","/net/gsb/pmb/out/p76/d3076"
"04:00","four~o'clock","#CLO","/net/gsb/pmb/out/p24/d1809"
"05:00","5.00~a.m.","#CLO","/net/gsb/pmb/out/p19/d1081"
"05:00","5:00~a.m.","#CLO","/net/gsb/pmb/out/p68/d1866"
"05:00","5:00~a.m.","#CLO","/net/gsb/pmb/out/p73/d1897"
"05:00","5~a.m.","#CLO","/net/gsb/pmb/out/p68/d1082"
"05:00","5","#CLO","/net/gsb/pmb/out/p21/d0836"
"05:00","5~o'clock","#CLO","/net/gsb/pmb/out/p20/d1861"
"05:00","five","#CLO","/net/gsb/pmb/out/p01/d1669"
"05:00","five~o'clock","#CLO","/net/gsb/pmb/out/p02/d3245"
"05:00","five~o'clock","#CLO","/net/gsb/pmb/out/p08/d2596"
"05:00","five~o'clock","#CLO","/net/gsb/pmb/out/p08/d3229"
"05:00","five~o'clock","#CLO","/net/gsb/pmb/out/p40/d2716"
"05:30","5:30~a.m.","#CLO","/net/gsb/pmb/out/p91/d3488"
"06:00","6:00~a.m.","#CLO","/net/gsb/pmb/out/p12/d1548"
"06:00","6:00","#CLO","/net/gsb/pmb/out/p00/d0871"
"06:00","6~a.m.","#CLO","/net/gsb/pmb/out/p29/d1242"
"06:00","6~a.m.","#CLO","/net/gsb/pmb/out/p42/d1875"
"06:00","6~a.m.","#CLO","/net/gsb/pmb/out/p54/d1988"
"06:00","6~a.m.","#CLO","/net/gsb/pmb/out/p68/d2359"
"06:00","6~a.m.","#CLO","/net/gsb/pmb/out/p74/d2213"
"06:00","6~o'clock","#CLO","/net/gsb/pmb/out/p00/d3325"
"06:00","6~o'clock","#CLO","/net/gsb/pmb/out/p18/d2055"
"06:00","6~o'clock","#CLO","/net/gsb/pmb/out/p21/d0836"
"06:00","6~o'clock","#CLO","/net/gsb/pmb/out/p33/d2503"
"06:00","6~o'clock","#CLO","/net/gsb/pmb/out/p41/d3172"
"06:00","six~a.m.","#CLO","/net/gsb/pmb/out/p90/d2854"
"06:00","six","#CLO","/net/gsb/pmb/out/p01/d1625"
"06:00","six","#CLO","/net/gsb/pmb/out/p20/d2647"
"06:00","six~o'clock","#CLO","/net/gsb/pmb/out/p03/d1916"
"06:00","six~o'clock","#CLO","/net/gsb/pmb/out/p13/d1874"
"06:00","six~o'clock","#CLO","/net/gsb/pmb/out/p14/d3029"
"06:00","six~o'clock","#CLO","/net/gsb/pmb/out/p33/d2424"
"06:00","six~o'clock","#CLO","/net/gsb/pmb/out/p46/d2114"
"06:00","six~o'clock","#CLO","/net/gsb/pmb/out/p47/d0789"
"06:30","half~past~six","#CLO","/net/gsb/pmb/out/p63/d3366"
"06:50","six-thirty","#CLO","/net/gsb/pmb/out/p00/d2436"
"07:00","seven~a.m.","#CLO","/net/gsb/pmb/out/p30/d2033"
"07:00","seven","#CLO","/net/gsb/pmb/out/p10/d0783"
"07:00","seven","#CLO","/net/gsb/pmb/out/p41/d3337"
"07:00","seven~o'clock","#CLO","/net/gsb/pmb/out/p13/d1786"
"07:00","seven~o'clock","#CLO","/net/gsb/pmb/out/p22/d2466"
"07:00","seven~o'clock","#CLO","/net/gsb/pmb/out/p34/d0863"
"07:00","seven~o'clock","#CLO","/net/gsb/pmb/out/p46/d2830"
"07:15","7:15~a.m.","#CLO","/net/gsb/pmb/out/p90/d2704"
"07:30","half~past~7","#CLO","/net/gsb/pmb/out/p31/d1507"
"07:30","half~past~seven","#CLO","/net/gsb/pmb/out/p84/d3514"
"07:30","half~seven","#CLO","/net/gsb/pmb/out/p14/d3167"
"07:45","quarter~to~eight","#CLO","/net/gsb/pmb/out/p07/d0964"
"08:00","8:00~a.m.","#CLO","/net/gsb/pmb/out/p36/d3346"
"08:00","8:00~a.m.","#CLO","/net/gsb/pmb/out/p41/d1597"
"08:00","8:00~a.m.","#CLO","/net/gsb/pmb/out/p80/d1591"
"08:00","8~a.m.","#CLO","/net/gsb/pmb/out/p08/d2847"
"08:00","8~a.m.","#CLO","/net/gsb/pmb/out/p35/d2753"
"08:00","8~a.m.","#CLO","/net/gsb/pmb/out/p62/d1816"
"08:00","8~a.m.","#CLO","/net/gsb/pmb/out/p86/d3175"
"08:00","8~o'clock","#CLO","/net/gsb/pmb/out/p21/d1469"
"08:00","8~o'clock","#CLO","/net/gsb/pmb/out/p29/d2060"
"08:00","8~o'clock","#CLO","/net/gsb/pmb/out/p97/d2785"
"08:00","8pm","#CLO","/net/gsb/pmb/out/p17/d0796"
"08:00","eight~o'clock","#CLO","/net/gsb/pmb/out/p21/d1662"
"08:00","eight~o'clock","#CLO","/net/gsb/pmb/out/p34/d2272"
"08:00","eight~o’clock","#CLO","/net/gsb/pmb/out/p39/d1902"
"08:00","eight~o'clock","#CLO","/net/gsb/pmb/out/p41/d3337"
"08:10","8:10~a.m.","#CLO","/net/gsb/pmb/out/p89/d0775"
"08:15","quarter~past~eight","#CLO","/net/gsb/pmb/out/p08/d2068"
"08:30","8:30~a.m.","#CLO","/net/gsb/pmb/out/p85/d0825"
"08:30","8:30","#CLO","/net/gsb/pmb/out/p10/d1723"
"08:30","eight-thirty","#CLO","/net/gsb/pmb/out/p10/d3542"
"08:30","half~past~eight","#CLO","/net/gsb/pmb/out/p06/d2793"
"08:30","half~past~eight","#CLO","/net/gsb/pmb/out/p83/d0825"
"08:40","8:40","#CLO","/net/gsb/pmb/out/p85/d3572"
"09:00","9:00~a.m.","#CLO","/net/gsb/pmb/out/p02/d1735"
"09:00","9:00~a.m.","#CLO","/net/gsb/pmb/out/p40/d2189"
"09:00","9~a.m.","#CLO","/net/gsb/pmb/out/p11/d2987"
"09:00","9~a.m.","#CLO","/net/gsb/pmb/out/p15/d3545"
"09:00","9~a.m.","#CLO","/net/gsb/pmb/out/p30/d2114"
"09:00","9~a.m.","#CLO","/net/gsb/pmb/out/p39/d2006"
"09:00","9~a.m.","#CLO","/net/gsb/pmb/out/p48/d1081"
"09:00","9~a.m.","#CLO","/net/gsb/pmb/out/p51/d1375"
"09:00","9~a.m.","#CLO","/net/gsb/pmb/out/p68/d0877"
"09:00","9~a.m.","#CLO","/net/gsb/pmb/out/p78/d2715"
"09:00","9~a.m.","#CLO","/net/gsb/pmb/out/p85/d3572"
"09:00","9~o'clock","#CLO","/net/gsb/pmb/out/p29/d3253"
"09:00","nine~o'clock","#CLO","/net/gsb/pmb/out/p00/d3130"
"09:00","nine~o'clock","#CLO","/net/gsb/pmb/out/p07/d3408"
"09:00","nine~o'clock","#CLO","/net/gsb/pmb/out/p17/d1688"
"09:00","nine~o'clock","#CLO","/net/gsb/pmb/out/p20/d1678"
"09:00","nine~o'clock","#CLO","/net/gsb/pmb/out/p28/d0836"
"09:00","nine~o'clock","#CLO","/net/gsb/pmb/out/p39/d1886"
"09:30","half~past~nine","#CLO","/net/gsb/pmb/out/p29/d2950"
"10:00","10:00~a.m.","#CLO","/net/gsb/pmb/out/p87/d3377"
"10:00","10~a.m.","#CLO","/net/gsb/pmb/out/p10/d3126"
"10:00","10~a.m.","#CLO","/net/gsb/pmb/out/p12/d0926"
"10:00","10~a.m.","#CLO","/net/gsb/pmb/out/p39/d2111"
"10:00","10~o'clock","#CLO","/net/gsb/pmb/out/p00/d2873"
"10:00","10~o'clock","#CLO","/net/gsb/pmb/out/p06/d1943"
"10:00","ten~o'clock","#CLO","/net/gsb/pmb/out/p00/d1519"
"10:00","ten~o'clock","#CLO","/net/gsb/pmb/out/p13/d2098"
"10:00","ten~o'clock","#CLO","/net/gsb/pmb/out/p25/d2019"
"10:00","ten~o'clock","#CLO","/net/gsb/pmb/out/p35/d1492"
"10:00","ten~o'clock","#CLO","/net/gsb/pmb/out/p37/d3037"
"10:00","ten~o'clock","#CLO","/net/gsb/pmb/out/p45/d1775"
"10:00","ten~o'clock","#CLO","/net/gsb/pmb/out/p46/d3529"
"10:00","ten~o'clock","#CLO","/net/gsb/pmb/out/p55/d2281"
"10:30","10:30~a.m.","#CLO","/net/gsb/pmb/out/p01/d2058"
"10:30","half~past~ten","#CLO","/net/gsb/pmb/out/p98/d2273"
"11:00","11:00~a.m.","#CLO","/net/gsb/pmb/out/p75/d0806"
"11:00","11:00~a.m.~ET","#CLO","/net/gsb/pmb/out/p37/d0707"
"11:00","11~a.m.","#CLO","/net/gsb/pmb/out/p51/d0974"
"11:00","eleven~a.m.","#CLO","/net/gsb/pmb/out/p80/d1489"
"11:00","eleven","#CLO","/net/gsb/pmb/out/p10/d3307"
"11:00","eleven~o'clock","#CLO","/net/gsb/pmb/out/p51/d2729"
"11:30","eleven~thirty","#CLO","/net/gsb/pmb/out/p84/d2502"
"12:00","12~p.m","#CLO","/net/gsb/pmb/out/p08/d2847"
"12:00","12~p.m.","#CLO","/net/gsb/pmb/out/p41/d0964"
"12:00","midday","#CLO","/net/gsb/pmb/out/p01/d1412"
"12:00","midday","#CLO","/net/gsb/pmb/out/p06/d1884"
"12:00","midday","#CLO","/net/gsb/pmb/out/p14/d1837"
"12:00","midday","#CLO","/net/gsb/pmb/out/p56/d1306"
"13:00","1~p.m.","#CLO","/net/gsb/pmb/out/p53/d1792"
"14:00","2:00~p.m","#CLO","/net/gsb/pmb/out/p09/d0882"
"14:00","2:00~p.m","#CLO","/net/gsb/pmb/out/p13/d1719"
"14:00","2~o'clock","#CLO","/net/gsb/pmb/out/p34/d1757"
"14:00","2~p.m.","#CLO","/net/gsb/pmb/out/p30/d2114"
"14:00","two~o'clock","#CLO","/net/gsb/pmb/out/p12/d3524"
"14:00","two~o'clock","#CLO","/net/gsb/pmb/out/p27/d2412"
"14:00","two~o'clock","#CLO","/net/gsb/pmb/out/p39/d2171"
"14:00","two~o'clock","#CLO","/net/gsb/pmb/out/p44/d2271"
"14:30","2:30","#CLO","/net/gsb/pmb/out/p00/d1499"
"14:30","2:30","#CLO","/net/gsb/pmb/out/p00/d2078"
"14:30","2:30","#CLO","/net/gsb/pmb/out/p10/d1438"
"14:30","2:30","#CLO","/net/gsb/pmb/out/p10/d3291"
"14:30","2:30","#CLO","/net/gsb/pmb/out/p82/d2360"
"14:30","2:30","#CLO","/net/gsb/pmb/out/p99/d2880"
"14:30","2:30~p.m.","#CLO","/net/gsb/pmb/out/p21/d2924"
"14:30","2:30~p.m","#CLO","/net/gsb/pmb/out/p67/d3056"
"14:48","2:48~p.m.","#CLO","/net/gsb/pmb/out/p40/d3120"
"15:00","3:00~pm","#CLO","/net/gsb/pmb/out/p44/d2511"
"15:00","3:00~p.m.","#CLO","/net/gsb/pmb/out/p52/d0832"
"15:00","3:00~p.m.","#CLO","/net/gsb/pmb/out/p52/d3052"
"15:00","3:00~p.m.","#CLO","/net/gsb/pmb/out/p61/d3277"
"15:00","3:00~p.m","#CLO","/net/gsb/pmb/out/p79/d2734"
"15:00","3~p.m.","#CLO","/net/gsb/pmb/out/p29/d1927"
"15:00","3~p.m","#CLO","/net/gsb/pmb/out/p39/d2006"
"15:00","3~p.m","#CLO","/net/gsb/pmb/out/p51/d1375"
"15:00","3~p.m.","#CLO","/net/gsb/pmb/out/p85/d3572"
"15:00","3~p.m.","#CLO","/net/gsb/pmb/out/p96/d3353"
"15:30","half~past~three","#CLO","/net/gsb/pmb/out/p05/d1609"
"16:00","4:00~p.m","#CLO","/net/gsb/pmb/out/p49/d2874"
"16:00","4~p.m.","#CLO","/net/gsb/pmb/out/p11/d3098"
"16:00","4~p.m.","#CLO","/net/gsb/pmb/out/p54/d2662"
"16:00","four~o'clock","#CLO","/net/gsb/pmb/out/p64/d0816"
"16:30","half~past~four","#CLO","/net/gsb/pmb/out/p08/d1806"
"17:00","5:00","#CLO","/net/gsb/pmb/out/p00/d2210"
"17:00","5:00","#CLO","/net/gsb/pmb/out/p99/d2880"
"17:00","5:00~p.m.","#CLO","/net/gsb/pmb/out/p07/d3372"
"17:00","5:00~p.m.","#CLO","/net/gsb/pmb/out/p11/d1606"
"17:00","5~o'clock","#CLO","/net/gsb/pmb/out/p00/d3178"
"17:00","5~o'clock","#CLO","/net/gsb/pmb/out/p07/d0911"
"17:00","5~p.m.","#CLO","/net/gsb/pmb/out/p28/d2273"
"17:00","5~p.m.","#CLO","/net/gsb/pmb/out/p46/d1630"
"17:00","5~p.m.","#CLO","/net/gsb/pmb/out/p46/d1630"
"17:00","5~p.m.","#CLO","/net/gsb/pmb/out/p67/d2762"
"17:00","5~p.m.","#CLO","/net/gsb/pmb/out/p95/d3578"
"17:00","five~o'clock","#CLO","/net/gsb/pmb/out/p01/d1157"
"17:00","five~o'clock","#CLO","/net/gsb/pmb/out/p02/d3245"
"17:00","five~o'clock","#CLO","/net/gsb/pmb/out/p03/d2487"
"17:00","five~o'clock","#CLO","/net/gsb/pmb/out/p46/d3299"
"17:00","five~p.m.","#CLO","/net/gsb/pmb/out/p62/d3435"
"17:30","half~past~five","#CLO","/net/gsb/pmb/out/p80/d1465"
"18:00","6:00~p.m.","#CLO","/net/gsb/pmb/out/p87/d2450"
"18:00","6~p.m.","#CLO","/net/gsb/pmb/out/p08/d3218"
"18:00","6~p.m","#CLO","/net/gsb/pmb/out/p10/d3208"
"18:00","6~p.m","#CLO","/net/gsb/pmb/out/p12/d0926"
"18:00","6~p.m.","#CLO","/net/gsb/pmb/out/p29/d1242"
"18:00","6~p.m.","#CLO","/net/gsb/pmb/out/p48/d1081"
"18:00","6~p.m.","#CLO","/net/gsb/pmb/out/p48/d1715"
"18:00","6~p.m.","#CLO","/net/gsb/pmb/out/p67/d2023"
"18:00","6~p.m.","#CLO","/net/gsb/pmb/out/p76/d2133"
"18:00","o'clock","#CLO","/net/gsb/pmb/out/p46/d2114"
"18:00","six","#CLO","/net/gsb/pmb/out/p10/d1551"
"18:00","six~o'clock","#CLO","/net/gsb/pmb/out/p03/d2621"
"18:00","six~o'clock","#CLO","/net/gsb/pmb/out/p12/d2259"
"18:00","six~o'clock","#CLO","/net/gsb/pmb/out/p19/d3445"
"18:00","six~o'clock","#CLO","/net/gsb/pmb/out/p24/d2648"
"18:00","six~o'clock","#CLO","/net/gsb/pmb/out/p24/d3102"
"18:00","six~o'clock","#CLO","/net/gsb/pmb/out/p29/d2523"
"18:00","six~o'clock","#CLO","/net/gsb/pmb/out/p41/d1648"
"18:30","6:30~p.m","#CLO","/net/gsb/pmb/out/p01/d2200"
"18:30","6:30~p.m.","#CLO","/net/gsb/pmb/out/p96/d2620"
"18:30","half~past~six","#CLO","/net/gsb/pmb/out/p03/d1788"
"18:30","half~past~six","#CLO","/net/gsb/pmb/out/p64/d2185"
"18:30","half~six","#CLO","/net/gsb/pmb/out/p01/d3194"
"19::00","7","#CLO","/net/gsb/pmb/out/p64/d2427"
"19:00","7~p.m.","#CLO","/net/gsb/pmb/out/p71/d2127"
"19:00","seven","#CLO","/net/gsb/pmb/out/p51/d2890"
"19:00","seven~o'clock","#CLO","/net/gsb/pmb/out/p06/d2373"
"19:00","seven~o'clock","#CLO","/net/gsb/pmb/out/p10/d0807"
"19:30","half~seven","#CLO","/net/gsb/pmb/out/p01/d3194"
"20:00","6~p.m.","#CLO","/net/gsb/pmb/out/p29/d1242"
"20:00","6~p.m.","#CLO","/net/gsb/pmb/out/p66/d1457"
"20:00","8:00~p.m.","#CLO","/net/gsb/pmb/out/p21/d2643"
"20:00","8:00~p.m.","#CLO","/net/gsb/pmb/out/p84/d2316"
"20:00","8","#CLO","/net/gsb/pmb/out/p36/d1830"
"20:00","8~p.m","#CLO","/net/gsb/pmb/out/p11/d2987"
"20:00","8pm","#CLO","/net/gsb/pmb/out/p17/d0796"
"20:00","8~p.m.","#CLO","/net/gsb/pmb/out/p29/d1242"
"20:00","8~P.M.","#CLO","/net/gsb/pmb/out/p35/d2371"
"20:00","8~p.m.","#CLO","/net/gsb/pmb/out/p64/d2427"
"20:00","eight~o'clock","#CLO","/net/gsb/pmb/out/p12/d2635"
"20:00","eight~o'clock","#CLO","/net/gsb/pmb/out/p51/d2890"
"20:00","eight~o'clock","#CLO","/net/gsb/pmb/out/p62/d1826"
"20:30","8:30~p.m.","#CLO","/net/gsb/pmb/out/p28/d1242"
"21:00","7:00~p.m.","#CLO","/net/gsb/pmb/out/p89/d2505"
"21:00","9.00~p.m.","#CLO","/net/gsb/pmb/out/p19/d1081"
"21:00","9:00~p.m.","#CLO","/net/gsb/pmb/out/p42/d1717"
"21:00","9:00~p.m.","#CLO","/net/gsb/pmb/out/p81/d3430"
"21:00","9~o'clock","#CLO","/net/gsb/pmb/out/p00/d3188"
"21:00","9~o'clock","#CLO","/net/gsb/pmb/out/p29/d3253"
"21:00","9pm","#CLO","/net/gsb/pmb/out/p10/d1050"
"21:00","9pm","#CLO","/net/gsb/pmb/out/p10/d1050"
"21:00","9~p.m.","#CLO","/net/gsb/pmb/out/p83/d1250"
"21:00","nine~o'clock","#CLO","/net/gsb/pmb/out/p12/d2145"
"21:00","nine~o'clock","#CLO","/net/gsb/pmb/out/p15/d2350"
"21:00","nine~o'clock","#CLO","/net/gsb/pmb/out/p42/d0962"
"21:00","ten~o'clock","#CLO","/net/gsb/pmb/out/p17/d2857"
"22:00","10:00~p.m.","#CLO","/net/gsb/pmb/out/p33/d1753"
"22:00","10:00~p.m","#CLO","/net/gsb/pmb/out/p42/d2643"
"22:00","10:00~p.m.","#CLO","/net/gsb/pmb/out/p73/d2176"
"22:00","10~o'clock","#CLO","/net/gsb/pmb/out/p43/d3157"
"22:00","10~o'clock","#CLO","/net/gsb/pmb/out/p43/d3157"
"22:00","ten~o'clock","#CLO","/net/gsb/pmb/out/p09/d1654"
"22:00","ten~o'clock","#CLO","/net/gsb/pmb/out/p10/d1303"
"22:00","ten~o'clock","#CLO","/net/gsb/pmb/out/p26/d2771"
"22:00","ten~o'clock","#CLO","/net/gsb/pmb/out/p29/d2038"
"22:00","ten~o'clock","#CLO","/net/gsb/pmb/out/p50/d0779"
"22:00","ten~o'clock","#CLO","/net/gsb/pmb/out/p50/d0779"
"22:40","10.40~P.M.","#CLO","/net/gsb/pmb/out/p19/d1145"
"23:00","11:30~p.m","#CLO","/net/gsb/pmb/out/p91/d2834"
"23:00","11~p.m.","#CLO","/net/gsb/pmb/out/p36/d1830"
"23:00","eleven","#CLO","/net/gsb/pmb/out/p42/d0962"
"23:00","eleven~o'clock","#CLO","/net/gsb/pmb/out/p03/d1416"
"23:00","eleven~o'clock","#CLO","/net/gsb/pmb/out/p10/d3028"
"23:30","11:30~p.m","#CLO","/net/gsb/pmb/out/p91/d2834"
"6:00","six~a.m.","#CLO","/net/gsb/pmb/out/p90/d2854"
"10:00","ten~o'clock","#CON","/net/gsb/pmb/out/p38/d2910"
"1000","thousands","#CON","/net/gsb/pmb/out/p00/d1940"
"bark","barking","#CON","/net/gsb/pmb/out/p00/d0840"
"degree~celsius","degrees~Celsius","#CON","/net/gsb/pmb/out/p17/d1225"
"economy","econnomy","#CON","/net/gsb/pmb/out/p01/d1250"
"high","Highs","#CON","/net/gsb/pmb/out/p01/d1270"
"person","people","#CON","/net/gsb/pmb/out/p00/d1661"
"shag~rug","Shag~rugs","#CON","/net/gsb/pmb/out/p70/d3007"
"tear","Tears","#CON","/net/gsb/pmb/out/p10/d1304"
"unlock","unlocked","#CON","/net/gsb/pmb/out/p02/d1906"
"equal","=","#DEF","/net/gsb/pmb/out/p68/d0996"
"euqal","=","#DEF","/net/gsb/pmb/out/p65/d1042"
"6","Saturday","#DOW","/net/gsb/pmb/out/p01/d2058"
"criticize","Criticizes","#ENS","/net/gsb/pmb/out/p10/d1239"
"lie","lay","#EPS","/net/gsb/pmb/out/p02/d0894"
"madam","ma'am","#EPS","/net/gsb/pmb/out/p83/d0777"
"dance","dancing","#EXG","/net/gsb/pmb/out/p00/d2007"
"day","tomorrow","#FUT","/net/gsb/pmb/out/p00/d1643"
"day","tomorrow","#FUT","/net/gsb/pmb/out/p01/d2182"
"will","'ll","#FUT","/net/gsb/pmb/out/p00/d0827"
"will","'ll","#FUT","/net/gsb/pmb/out/p01/d0768"
"will","'ll","#FUT","/net/gsb/pmb/out/p01/d0860"
"will","'ll","#FUT","/net/gsb/pmb/out/p01/d0861"
"will","'ll","#FUT","/net/gsb/pmb/out/p01/d0885"
"will","'ll","#FUT","/net/gsb/pmb/out/p02/d0826"
"will","'ll","#FUT","/net/gsb/pmb/out/p03/d0938"
"will","'ll","#FUT","/net/gsb/pmb/out/p04/d0946"
"will","'ll","#FUT","/net/gsb/pmb/out/p04/d0958"
"will","'ll","#FUT","/net/gsb/pmb/out/p05/d0852"
"will","'ll","#FUT","/net/gsb/pmb/out/p05/d0873"
"will","'ll","#FUT","/net/gsb/pmb/out/p05/d0951"
"will","'ll","#FUT","/net/gsb/pmb/out/p06/d0799"
"will","'ll","#FUT","/net/gsb/pmb/out/p06/d0946"
"will","'ll","#FUT","/net/gsb/pmb/out/p07/d0883"
"will","'ll","#FUT","/net/gsb/pmb/out/p07/d0926"
"will","'ll","#FUT","/net/gsb/pmb/out/p08/d0772"
"will","'ll","#FUT","/net/gsb/pmb/out/p08/d0903"
"will","'ll","#FUT","/net/gsb/pmb/out/p08/d0915"
"will","'ll","#FUT","/net/gsb/pmb/out/p08/d0960"
"will","'ll","#FUT","/net/gsb/pmb/out/p09/d0802"
"will","'ll","#FUT","/net/gsb/pmb/out/p09/d0941"
"will","'ll","#FUT","/net/gsb/pmb/out/p10/d0771"
"will","'ll","#FUT","/net/gsb/pmb/out/p10/d0882"
"will","'ll","#FUT","/net/gsb/pmb/out/p10/d0947"
"will","'ll","#FUT","/net/gsb/pmb/out/p11/d0783"
"will","'ll","#FUT","/net/gsb/pmb/out/p11/d0882"
"will","'ll","#FUT","/net/gsb/pmb/out/p11/d0908"
"will","'ll","#FUT","/net/gsb/pmb/out/p12/d0775"
"will","'ll","#FUT","/net/gsb/pmb/out/p12/d0876"
"will","'ll","#FUT","/net/gsb/pmb/out/p13/d0881"
"will","'ll","#FUT","/net/gsb/pmb/out/p13/d0886"
"will","'ll","#FUT","/net/gsb/pmb/out/p14/d0859"
"will","'ll","#FUT","/net/gsb/pmb/out/p14/d0897"
"will","'ll","#FUT","/net/gsb/pmb/out/p14/d0915"
"will","'ll","#FUT","/net/gsb/pmb/out/p14/d0921"
"will","'ll","#FUT","/net/gsb/pmb/out/p14/d0950"
"will","'ll","#FUT","/net/gsb/pmb/out/p15/d0802"
"will","'ll","#FUT","/net/gsb/pmb/out/p15/d0864"
"will","'ll","#FUT","/net/gsb/pmb/out/p15/d0908"
"will","'ll","#FUT","/net/gsb/pmb/out/p15/d0909"
"will","'ll","#FUT","/net/gsb/pmb/out/p16/d0959"
"will","'ll","#FUT","/net/gsb/pmb/out/p17/d0783"
"will","'ll","#FUT","/net/gsb/pmb/out/p17/d0856"
"will","'ll","#FUT","/net/gsb/pmb/out/p17/d0909"
"will","'ll","#FUT","/net/gsb/pmb/out/p18/d0853"
"will","'ll","#FUT","/net/gsb/pmb/out/p18/d0909"
"will","'ll","#FUT","/net/gsb/pmb/out/p19/d0855"
"will","'ll","#FUT","/net/gsb/pmb/out/p19/d0909"
"will","'ll","#FUT","/net/gsb/pmb/out/p19/d0915"
"will","'ll","#FUT","/net/gsb/pmb/out/p19/d0931"
"will","'ll","#FUT","/net/gsb/pmb/out/p20/d0773"
"will","'ll","#FUT","/net/gsb/pmb/out/p20/d0888"
"will","'ll","#FUT","/net/gsb/pmb/out/p20/d0909"
"will","'ll","#FUT","/net/gsb/pmb/out/p21/d0773"
"will","'ll","#FUT","/net/gsb/pmb/out/p21/d0921"
"will","'ll","#FUT","/net/gsb/pmb/out/p21/d0948"
"will","'ll","#FUT","/net/gsb/pmb/out/p22/d0881"
"will","'ll","#FUT","/net/gsb/pmb/out/p22/d0909"
"will","'ll","#FUT","/net/gsb/pmb/out/p22/d0910"
"will","'ll","#FUT","/net/gsb/pmb/out/p23/d0896"
"will","'ll","#FUT","/net/gsb/pmb/out/p23/d0909"
"will","'ll","#FUT","/net/gsb/pmb/out/p24/d0778"
"will","'ll","#FUT","/net/gsb/pmb/out/p24/d0806"
"will","'ll","#FUT","/net/gsb/pmb/out/p24/d0840"
"will","'ll","#FUT","/net/gsb/pmb/out/p24/d0912"
"will","'ll","#FUT","/net/gsb/pmb/out/p24/d0917"
"will","'ll","#FUT","/net/gsb/pmb/out/p24/d0957"
"will","'ll","#FUT","/net/gsb/pmb/out/p25/d0820"
"will","'ll","#FUT","/net/gsb/pmb/out/p25/d0879"
"will","'ll","#FUT","/net/gsb/pmb/out/p25/d0888"
"will","'ll","#FUT","/net/gsb/pmb/out/p25/d0917"
"will","'ll","#FUT","/net/gsb/pmb/out/p25/d0933"
"will","'ll","#FUT","/net/gsb/pmb/out/p26/d0863"
"will","'ll","#FUT","/net/gsb/pmb/out/p26/d0885"
"will","'ll","#FUT","/net/gsb/pmb/out/p27/d0928"
"will","'ll","#FUT","/net/gsb/pmb/out/p27/d0945"
"will","'ll","#FUT","/net/gsb/pmb/out/p28/d0811"
"will","'ll","#FUT","/net/gsb/pmb/out/p28/d0899"
"will","'ll","#FUT","/net/gsb/pmb/out/p28/d0903"
"will","'ll","#FUT","/net/gsb/pmb/out/p28/d0922"
"will","'ll","#FUT","/net/gsb/pmb/out/p29/d0918"
"will","'ll","#FUT","/net/gsb/pmb/out/p29/d0924"
"will","'ll","#FUT","/net/gsb/pmb/out/p30/d0866"
"will","'ll","#FUT","/net/gsb/pmb/out/p31/d0861"
"will","'ll","#FUT","/net/gsb/pmb/out/p31/d0861"
"will","'ll","#FUT","/net/gsb/pmb/out/p31/d0861"
"will","'ll","#FUT","/net/gsb/pmb/out/p32/d0777"
"will","'ll","#FUT","/net/gsb/pmb/out/p32/d0853"
"will","'ll","#FUT","/net/gsb/pmb/out/p32/d0854"
"will","'ll","#FUT","/net/gsb/pmb/out/p32/d0864"
"will","'ll","#FUT","/net/gsb/pmb/out/p32/d0874"
"will","'ll","#FUT","/net/gsb/pmb/out/p32/d0917"
"will","'ll","#FUT","/net/gsb/pmb/out/p32/d0954"
"will","'ll","#FUT","/net/gsb/pmb/out/p33/d0808"
"will","'ll","#FUT","/net/gsb/pmb/out/p33/d0810"
"will","'ll","#FUT","/net/gsb/pmb/out/p33/d0870"
"will","'ll","#FUT","/net/gsb/pmb/out/p33/d0908"
"will","'ll","#FUT","/net/gsb/pmb/out/p33/d0917"
"will","'ll","#FUT","/net/gsb/pmb/out/p34/d0795"
"will","'ll","#FUT","/net/gsb/pmb/out/p34/d0872"
"will","'ll","#FUT","/net/gsb/pmb/out/p34/d0889"
"will","'ll","#FUT","/net/gsb/pmb/out/p34/d0902"
"will","'ll","#FUT","/net/gsb/pmb/out/p35/d0831"
"will","'ll","#FUT","/net/gsb/pmb/out/p35/d0928"
"will","'ll","#FUT","/net/gsb/pmb/out/p35/d0957"
"will","'ll","#FUT","/net/gsb/pmb/out/p36/d0801"
"will","'ll","#FUT","/net/gsb/pmb/out/p36/d0853"
"will","'ll","#FUT","/net/gsb/pmb/out/p36/d0909"
"will","'ll","#FUT","/net/gsb/pmb/out/p36/d0919"
"will","'ll","#FUT","/net/gsb/pmb/out/p36/d0928"
"will","'ll","#FUT","/net/gsb/pmb/out/p36/d0957"
"will","'ll","#FUT","/net/gsb/pmb/out/p38/d0788"
"will","'ll","#FUT","/net/gsb/pmb/out/p38/d0810"
"will","'ll","#FUT","/net/gsb/pmb/out/p38/d0854"
"will","'ll","#FUT","/net/gsb/pmb/out/p38/d0888"
"will","'ll","#FUT","/net/gsb/pmb/out/p38/d0903"
"will","'ll","#FUT","/net/gsb/pmb/out/p38/d0944"
"will","'ll","#FUT","/net/gsb/pmb/out/p39/d0862"
"will","'ll","#FUT","/net/gsb/pmb/out/p39/d0926"
"will","'ll","#FUT","/net/gsb/pmb/out/p40/d0853"
"will","'ll","#FUT","/net/gsb/pmb/out/p40/d0888"
"will","'ll","#FUT","/net/gsb/pmb/out/p41/d0854"
"will","'ll","#FUT","/net/gsb/pmb/out/p41/d0862"
"will","'ll","#FUT","/net/gsb/pmb/out/p41/d0863"
"will","'ll","#FUT","/net/gsb/pmb/out/p42/d0818"
"will","'ll","#FUT","/net/gsb/pmb/out/p42/d0916"
"will","'ll","#FUT","/net/gsb/pmb/out/p42/d0945"
"will","'ll","#FUT","/net/gsb/pmb/out/p43/d0778"
"will","'ll","#FUT","/net/gsb/pmb/out/p43/d0808"
"will","'ll","#FUT","/net/gsb/pmb/out/p43/d0912"
"will","'ll","#FUT","/net/gsb/pmb/out/p44/d0805"
"will","'ll","#FUT","/net/gsb/pmb/out/p44/d0810"
"will","'ll","#FUT","/net/gsb/pmb/out/p44/d0876"
"will","'ll","#FUT","/net/gsb/pmb/out/p45/d0897"
"will","'ll","#FUT","/net/gsb/pmb/out/p46/d0883"
"will","'ll","#FUT","/net/gsb/pmb/out/p46/d0923"
"will","'ll","#FUT","/net/gsb/pmb/out/p46/d0936"
"will","'ll","#FUT","/net/gsb/pmb/out/p47/d0855"
"will","'ll","#FUT","/net/gsb/pmb/out/p47/d0951"
"will","'ll","#FUT","/net/gsb/pmb/out/p48/d0784"
"will","'ll","#FUT","/net/gsb/pmb/out/p48/d0889"
"will","'ll","#FUT","/net/gsb/pmb/out/p48/d0895"
"will","'ll","#FUT","/net/gsb/pmb/out/p49/d0773"
"will","'ll","#FUT","/net/gsb/pmb/out/p49/d0809"
"will","'ll","#FUT","/net/gsb/pmb/out/p49/d0959"
"will","'ll","#FUT","/net/gsb/pmb/out/p50/d0793"
"will","'ll","#FUT","/net/gsb/pmb/out/p51/d0813"
"will","'ll","#FUT","/net/gsb/pmb/out/p51/d0913"
"will","'ll","#FUT","/net/gsb/pmb/out/p51/d0940"
"will","'ll","#FUT","/net/gsb/pmb/out/p52/d0825"
"will","'ll","#FUT","/net/gsb/pmb/out/p52/d0832"
"will","'ll","#FUT","/net/gsb/pmb/out/p52/d0919"
"will","'ll","#FUT","/net/gsb/pmb/out/p52/d0932"
"will","'ll","#FUT","/net/gsb/pmb/out/p53/d0956"
"will","'ll","#FUT","/net/gsb/pmb/out/p54/d0767"
"will","'ll","#FUT","/net/gsb/pmb/out/p54/d0908"
"will","'ll","#FUT","/net/gsb/pmb/out/p55/d0858"
"will","'ll","#FUT","/net/gsb/pmb/out/p55/d0934"
"will","'ll","#FUT","/net/gsb/pmb/out/p56/d0780"
"will","'ll","#FUT","/net/gsb/pmb/out/p56/d0853"
"will","'ll","#FUT","/net/gsb/pmb/out/p57/d0834"
"will","'ll","#FUT","/net/gsb/pmb/out/p57/d0951"
"will","'ll","#FUT","/net/gsb/pmb/out/p58/d0833"
"will","'ll","#FUT","/net/gsb/pmb/out/p58/d0857"
"will","'ll","#FUT","/net/gsb/pmb/out/p58/d0876"
"will","'ll","#FUT","/net/gsb/pmb/out/p59/d0898"
"will","'ll","#FUT","/net/gsb/pmb/out/p59/d0901"
"will","'ll","#FUT","/net/gsb/pmb/out/p59/d0905"
"will","'ll","#FUT","/net/gsb/pmb/out/p59/d0910"
"will","'ll","#FUT","/net/gsb/pmb/out/p59/d0938"
"will","'ll","#FUT","/net/gsb/pmb/out/p60/d0800"
"will","'ll","#FUT","/net/gsb/pmb/out/p60/d0815"
"will","'ll","#FUT","/net/gsb/pmb/out/p60/d0892"
"will","'ll","#FUT","/net/gsb/pmb/out/p60/d0942"
"will","'ll","#FUT","/net/gsb/pmb/out/p61/d0806"
"will","'ll","#FUT","/net/gsb/pmb/out/p61/d0942"
"will","'ll","#FUT","/net/gsb/pmb/out/p62/d0774"
"will","'ll","#FUT","/net/gsb/pmb/out/p62/d0791"
"will","'ll","#FUT","/net/gsb/pmb/out/p62/d0795"
"will","'ll","#FUT","/net/gsb/pmb/out/p62/d0887"
"will","'ll","#FUT","/net/gsb/pmb/out/p62/d0923"
"will","'ll","#FUT","/net/gsb/pmb/out/p63/d0807"
"will","'ll","#FUT","/net/gsb/pmb/out/p63/d0816"
"will","'ll","#FUT","/net/gsb/pmb/out/p63/d0898"
"will","'ll","#FUT","/net/gsb/pmb/out/p64/d0809"
"will","'ll","#FUT","/net/gsb/pmb/out/p64/d0860"
"will","'ll","#FUT","/net/gsb/pmb/out/p64/d0865"
"will","'ll","#FUT","/net/gsb/pmb/out/p64/d0878"
"will","'ll","#FUT","/net/gsb/pmb/out/p64/d0918"
"will","'ll","#FUT","/net/gsb/pmb/out/p64/d0943"
"will","'ll","#FUT","/net/gsb/pmb/out/p65/d0949"
"will","'ll","#FUT","/net/gsb/pmb/out/p66/d0884"
"will","'ll","#FUT","/net/gsb/pmb/out/p67/d0774"
"will","'ll","#FUT","/net/gsb/pmb/out/p67/d0816"
"will","'ll","#FUT","/net/gsb/pmb/out/p67/d0898"
"will","'ll","#FUT","/net/gsb/pmb/out/p67/d0941"
"will","'ll","#FUT","/net/gsb/pmb/out/p68/d0783"
"will","'ll","#FUT","/net/gsb/pmb/out/p68/d0790"
"will","'ll","#FUT","/net/gsb/pmb/out/p68/d0807"
"will","'ll","#FUT","/net/gsb/pmb/out/p68/d0867"
"will","'ll","#FUT","/net/gsb/pmb/out/p68/d0937"
"will","'ll","#FUT","/net/gsb/pmb/out/p69/d0816"
"will","'ll","#FUT","/net/gsb/pmb/out/p69/d0854"
"will","'ll","#FUT","/net/gsb/pmb/out/p69/d0941"
"will","'ll","#FUT","/net/gsb/pmb/out/p70/d0863"
"will","'ll","#FUT","/net/gsb/pmb/out/p70/d0915"
"will","'ll","#FUT","/net/gsb/pmb/out/p70/d0918"
"will","'ll","#FUT","/net/gsb/pmb/out/p70/d0943"
"will","'ll","#FUT","/net/gsb/pmb/out/p71/d0794"
"will","'ll","#FUT","/net/gsb/pmb/out/p71/d0812"
"will","'ll","#FUT","/net/gsb/pmb/out/p71/d0872"
"will","'ll","#FUT","/net/gsb/pmb/out/p71/d0939"
"will","'ll","#FUT","/net/gsb/pmb/out/p72/d0780"
"will","'ll","#FUT","/net/gsb/pmb/out/p72/d0832"
"will","'ll","#FUT","/net/gsb/pmb/out/p72/d0859"
"will","'ll","#FUT","/net/gsb/pmb/out/p72/d0872"
"will","'ll","#FUT","/net/gsb/pmb/out/p73/d0872"
"will","'ll","#FUT","/net/gsb/pmb/out/p73/d0904"
"will","'ll","#FUT","/net/gsb/pmb/out/p73/d0916"
"will","'ll","#FUT","/net/gsb/pmb/out/p73/d0923"
"will","'ll","#FUT","/net/gsb/pmb/out/p74/d0879"
"will","'ll","#FUT","/net/gsb/pmb/out/p74/d0904"
"will","'ll","#FUT","/net/gsb/pmb/out/p74/d0914"
"will","'ll","#FUT","/net/gsb/pmb/out/p75/d0794"
"will","'ll","#FUT","/net/gsb/pmb/out/p75/d0872"
"will","'ll","#FUT","/net/gsb/pmb/out/p75/d0874"
"will","'ll","#FUT","/net/gsb/pmb/out/p75/d0924"
"will","'ll","#FUT","/net/gsb/pmb/out/p76/d0934"
"will","'ll","#FUT","/net/gsb/pmb/out/p77/d0794"
"will","'ll","#FUT","/net/gsb/pmb/out/p77/d0867"
"will","'ll","#FUT","/net/gsb/pmb/out/p79/d0812"
"will","'ll","#FUT","/net/gsb/pmb/out/p79/d0853"
"will","'ll","#FUT","/net/gsb/pmb/out/p81/d0788"
"will","'ll","#FUT","/net/gsb/pmb/out/p81/d0826"
"will","'ll","#FUT","/net/gsb/pmb/out/p82/d0942"
"will","'ll","#FUT","/net/gsb/pmb/out/p82/d0947"
"will","'ll","#FUT","/net/gsb/pmb/out/p83/d0863"
"will","'ll","#FUT","/net/gsb/pmb/out/p83/d0942"
"will","'ll","#FUT","/net/gsb/pmb/out/p84/d0779"
"will","'ll","#FUT","/net/gsb/pmb/out/p84/d0794"
"will","'ll","#FUT","/net/gsb/pmb/out/p84/d0859"
"will","'ll","#FUT","/net/gsb/pmb/out/p84/d0864"
"will","'ll","#FUT","/net/gsb/pmb/out/p84/d0878"
"will","'ll","#FUT","/net/gsb/pmb/out/p84/d0910"
"will","'ll","#FUT","/net/gsb/pmb/out/p85/d0781"
"will","'ll","#FUT","/net/gsb/pmb/out/p85/d0927"
"will","'ll","#FUT","/net/gsb/pmb/out/p86/d0769"
"will","'ll","#FUT","/net/gsb/pmb/out/p86/d0770"
"will","'ll","#FUT","/net/gsb/pmb/out/p86/d0794"
"will","'ll","#FUT","/net/gsb/pmb/out/p86/d0875"
"will","'ll","#FUT","/net/gsb/pmb/out/p86/d0882"
"will","'ll","#FUT","/net/gsb/pmb/out/p86/d0889"
"will","'ll","#FUT","/net/gsb/pmb/out/p87/d0856"
"will","'ll","#FUT","/net/gsb/pmb/out/p87/d0922"
"will","'ll","#FUT","/net/gsb/pmb/out/p87/d0948"
"will","'ll","#FUT","/net/gsb/pmb/out/p88/d0868"
"will","'ll","#FUT","/net/gsb/pmb/out/p89/d0770"
"will","'ll","#FUT","/net/gsb/pmb/out/p89/d0785"
"will","'ll","#FUT","/net/gsb/pmb/out/p89/d0823"
"will","'ll","#FUT","/net/gsb/pmb/out/p89/d0934"
"will","'ll","#FUT","/net/gsb/pmb/out/p90/d0787"
"will","'ll","#FUT","/net/gsb/pmb/out/p90/d0859"
"will","'ll","#FUT","/net/gsb/pmb/out/p90/d0871"
"will","'ll","#FUT","/net/gsb/pmb/out/p91/d0875"
"will","'ll","#FUT","/net/gsb/pmb/out/p92/d0794"
"will","'ll","#FUT","/net/gsb/pmb/out/p93/d0870"
"will","'ll","#FUT","/net/gsb/pmb/out/p94/d0771"
"will","'ll","#FUT","/net/gsb/pmb/out/p94/d0880"
"will","'ll","#FUT","/net/gsb/pmb/out/p94/d0888"
"will","'ll","#FUT","/net/gsb/pmb/out/p94/d0940"
"will","'ll","#FUT","/net/gsb/pmb/out/p95/d0857"
"will","'ll","#FUT","/net/gsb/pmb/out/p95/d0859"
"will","'ll","#FUT","/net/gsb/pmb/out/p95/d0944"
"will","'ll","#FUT","/net/gsb/pmb/out/p95/d0959"
"will","'ll","#FUT","/net/gsb/pmb/out/p96/d0772"
"will","'ll","#FUT","/net/gsb/pmb/out/p96/d0880"
"will","'ll","#FUT","/net/gsb/pmb/out/p96/d0905"
"will","'ll","#FUT","/net/gsb/pmb/out/p97/d0887"
"will","'ll","#FUT","/net/gsb/pmb/out/p98/d0809"
"will","'ll","#FUT","/net/gsb/pmb/out/p98/d0810"
"will","'ll","#FUT","/net/gsb/pmb/out/p98/d0925"
"will","'ll","#FUT","/net/gsb/pmb/out/p99/d0823"
"500","five~hundred","#GPE","/net/gsb/pmb/out/p03/d1832"
"america","Americans","#GPE","/net/gsb/pmb/out/p85/d0803"
"italy","Italian","#GPE","/net/gsb/pmb/out/p32/d0763"
"los~angeles","LA","#GPE","/net/gsb/pmb/out/p51/d3574"
"los~angeles","LA","#GPE","/net/gsb/pmb/out/p98/d1869"
"argentina","Argentinian","#GPO","/net/gsb/pmb/out/p00/d2161"
"be","'s","#HAS","/net/gsb/pmb/out/p02/d1906"
"male","his","#HAS","/net/gsb/pmb/out/p00/d0956"
"particular","particularly","#INT","/net/gsb/pmb/out/p00/d1664"
"2300000","2.3~million","#IST","/net/gsb/pmb/out/p05/d1197"
"age","old","#IST","/net/gsb/pmb/out/p05/d0947"
"bright","brightly","#IST","/net/gsb/pmb/out/p81/d2077"
"over","o'er","#IST","/net/gsb/pmb/out/p50/d3330"
"recent","recently","#IST","/net/gsb/pmb/out/p00/d2859"
"equal","=","#NIL","/net/gsb/pmb/out/p20/d1130"
"meter","m","#NIL","/net/gsb/pmb/out/p35/d1378"
"meter","m","#NIL","/net/gsb/pmb/out/p35/d1378"
"www.spotify.com","www,spotify.com","#NIL","/net/gsb/pmb/out/p15/d1043"
"dis","dis","#NOT","/net/gsb/pmb/out/p15/d1770"
"dis","dis","#NOT","/net/gsb/pmb/out/p16/d3407"
"dis","dis","#NOT","/net/gsb/pmb/out/p23/d2220"
"dis","dis","#NOT","/net/gsb/pmb/out/p23/d2762"
"dis","dis","#NOT","/net/gsb/pmb/out/p49/d1792"
"not","n~t","#NOT","/net/gsb/pmb/out/p76/d1049"
"day","today","#NOW","/net/gsb/pmb/out/p00/d0911"
"17","17th","#ORD","/net/gsb/pmb/out/p51/d1375"
"equal","=","#ORG","/net/gsb/pmb/out/p22/d1130"
"it","'T","#PRO","/net/gsb/pmb/out/p13/d1107"
"Speaker","I","#PRO","/net/gsb/pmb/out/p00/d0818"
"speaker","I","#PRO","/net/gsb/pmb/out/p00/d1013"
"speaker","I","#PRO","/net/gsb/pmb/out/p00/d3516"
"speaker","I","#PRO","/net/gsb/pmb/out/p00/d3528"
"speaker","me","#PRO","/net/gsb/pmb/out/p34/d0863"
"thing","'t","#PRO","/net/gsb/pmb/out/p03/d1111"
"thing","'T","#PRO","/net/gsb/pmb/out/p13/d1107"
"thing","'T","#PRO","/net/gsb/pmb/out/p37/d1104"
"thing","'T","#PRO","/net/gsb/pmb/out/p63/d1107"
"thing","'T","#PRO","/net/gsb/pmb/out/p82/d2624"
"day","Yesterday","#PST","/net/gsb/pmb/out/p00/d1567"
"0","zero","#QUC","/net/gsb/pmb/out/p12/d3577"
"-10","minus~ten","#QUC","/net/gsb/pmb/out/p13/d2816"
"-10","minus~ten","#QUC","/net/gsb/pmb/out/p63/d1623"
"126","one~hundred~twenty-six","#QUC","/net/gsb/pmb/out/p40/d2162"
"16000000","16~million","#QUC","/net/gsb/pmb/out/p00/d1377"
"16000000","16~Million","#QUC","/net/gsb/pmb/out/p00/d1377"
"1","one","#QUC","/net/gsb/pmb/out/p00/d2787"
"1","one","#QUC","/net/gsb/pmb/out/p03/d1821"
"1","one","#QUC","/net/gsb/pmb/out/p03/d1821"
"25000000","2.5","#QUC","/net/gsb/pmb/out/p54/d3571"
"3500000","3.5~million","#QUC","/net/gsb/pmb/out/p54/d3571"
"35","Thirty-five","#QUC","/net/gsb/pmb/out/p96/d1449"
"-3","minus~three","#QUC","/net/gsb/pmb/out/p17/d1225"
"500000","half~a~million","#QUC","/net/gsb/pmb/out/p00/d1335"
"5329","Five~thousand~three~hundred~and~twenty-nine","#QUC","/net/gsb/pmb/out/p56/d1299"
"555","five~hundred~fifty-five","#QUC","/net/gsb/pmb/out/p65/d2630"
"5","five","#QUC","/net/gsb/pmb/out/p35/d0841"
"792000","792~million","#QUC","/net/gsb/pmb/out/p00/d1377"
"-7","minus~7","#QUC","/net/gsb/pmb/out/p15/d3131"
"95","ninety-five","#QUC","/net/gsb/pmb/out/p96/d1449"
"meter","m","#QUC","/net/gsb/pmb/out/p35/d1378"
"ton","t","#QUC","/net/gsb/pmb/out/p35/d1378"
"cubic~meter","cubic~meters","#UOM","/net/gsb/pmb/out/p00/d1179"
"cubic~meter","cubic~meters","#UOM","/net/gsb/pmb/out/p00/d1181"
"cubic~metre","m³","#UOM","/net/gsb/pmb/out/p35/d1378"
"cubic~metre","m³","#UOM","/net/gsb/pmb/out/p35/d1378"
"degree~celsius","centigrade","#UOM","/net/gsb/pmb/out/p12/d3577"
"degree~celsius","centigrade","#UOM","/net/gsb/pmb/out/p63/d1847"
"degree~celsius","C","#UOM","/net/gsb/pmb/out/p63/d1203"
"degree~celsius","degrees~Celsius","#UOM","/net/gsb/pmb/out/p00/d1270"
"degree~celsius","degrees~Celsius","#UOM","/net/gsb/pmb/out/p08/d2858"
"degree~celsius","degrees~Celsius","#UOM","/net/gsb/pmb/out/p22/d3139"
"degree~celsius","degrees~Celsius","#UOM","/net/gsb/pmb/out/p25/d0886"
"degree~celsius","degrees~Celsius","#UOM","/net/gsb/pmb/out/p49/d3577"
"degree~celsius","degrees~Celsius","#UOM","/net/gsb/pmb/out/p52/d3092"
"degree~celsius","degrees~Celsius","#UOM","/net/gsb/pmb/out/p73/d0827"
"degree~celsius","degrees~Celsius","#UOM","/net/gsb/pmb/out/p93/d0954"
"degree~celsius","degrees~centigrade","#UOM","/net/gsb/pmb/out/p02/d1666"
"degree~celsius","degrees~centigrade","#UOM","/net/gsb/pmb/out/p35/d2522"
"degree~celsius","degrees~centigrade","#UOM","/net/gsb/pmb/out/p63/d1623"
"degree~celsius","degrees~centigrade","#UOM","/net/gsb/pmb/out/p66/d1186"
"degree~celsius","degrees~centigrade","#UOM","/net/gsb/pmb/out/p68/d1185"
"degree~celsius","degrees~Centigrade","#UOM","/net/gsb/pmb/out/p70/d0827"
"degree~celsius","degrees~Centigrade","#UOM","/net/gsb/pmb/out/p77/d0951"
"degree~celsius","degrees~centigrade","#UOM","/net/gsb/pmb/out/p96/d1184"
"degree~celsius","degrees~centigrade","#UOM","/net/gsb/pmb/out/p96/d1449"
"degree~celsius","degrees","#UOM","/net/gsb/pmb/out/p01/d1270"
"degree~celsius","degrees","#UOM","/net/gsb/pmb/out/p04/d2790"
"degree~celsius","degrees","#UOM","/net/gsb/pmb/out/p18/d3548"
"degree~celsius","degrees","#UOM","/net/gsb/pmb/out/p36/d0810"
"degree~celsius","degrees","#UOM","/net/gsb/pmb/out/p63/d1203"
"degree~celsius","degrees","#UOM","/net/gsb/pmb/out/p66/d2679"
"degree~celsius","degrees","#UOM","/net/gsb/pmb/out/p92/d2421"
"degree~celsius","oC","#UOM","/net/gsb/pmb/out/p20/d1225"
"degree~celsius","oC","#UOM","/net/gsb/pmb/out/p20/d1225"
"degree~centigrade","degrees~centigrade","#UOM","/net/gsb/pmb/out/p02/d1666"
"degree~centigrade","degrees~centigrade","#UOM","/net/gsb/pmb/out/p68/d1185"
"degree~centigrade","degrees~Centigrade","#UOM","/net/gsb/pmb/out/p77/d0951"
"degree~centigrade","degrees~centigrade","#UOM","/net/gsb/pmb/out/p96/d1184"
"degree~centigrade","degrees~centigrade","#UOM","/net/gsb/pmb/out/p96/d1449"
"degree~fahrenheit","degrees~Fahrenheit","#UOM","/net/gsb/pmb/out/p18/d1910"
"degree~fahrenheit","degrees~Fahrenheit","#UOM","/net/gsb/pmb/out/p18/d2319"
"degree~fahrenheit","degrees~Fahrenheit","#UOM","/net/gsb/pmb/out/p80/d2963"
"degree~fahrenheit","degrees~Fahrenheit","#UOM","/net/gsb/pmb/out/p96/d1449"
"degree~fahrenheit","F","#UOM","/net/gsb/pmb/out/p65/d1256"
"degrees~celsius","degrees~centigrade","#UOM","/net/gsb/pmb/out/p22/d2883"
"foot","ft","#UOM","/net/gsb/pmb/out/p22/d1357"
"foot","ft","#UOM","/net/gsb/pmb/out/p22/d1357"
"gigawatt","GW","#UOM","/net/gsb/pmb/out/p08/d3563"
"gigawatt","GW","#UOM","/net/gsb/pmb/out/p08/d3563"
"gigawatt","GW","#UOM","/net/gsb/pmb/out/p08/d3563"
"gigawatt","GW","#UOM","/net/gsb/pmb/out/p08/d3563"
"gigawatt","GW","#UOM","/net/gsb/pmb/out/p08/d3563"
"hour","h","#UOM","/net/gsb/pmb/out/p15/d0808"
"killowatt","kW","#UOM","/net/gsb/pmb/out/p14/d1277"
"kilometer~per~hour","km/h","#UOM","/net/gsb/pmb/out/p35/d1378"
"kilometre","km","#UOM","/net/gsb/pmb/out/p15/d0808"
"kilometre","km","#UOM","/net/gsb/pmb/out/p15/d0808"
"kilowatt","kW","#UOM","/net/gsb/pmb/out/p14/d1277"
"kilowatt","kW","#UOM","/net/gsb/pmb/out/p14/d1277"
"megawatt","MW","#UOM","/net/gsb/pmb/out/p08/d3563"
"megawatt","MW","#UOM","/net/gsb/pmb/out/p35/d1064"
"megawatt","MW","#UOM","/net/gsb/pmb/out/p45/d1064"
"meter","m","#UOM","/net/gsb/pmb/out/p35/d1378"
"meter","m","#UOM","/net/gsb/pmb/out/p35/d1378"
"meter","m","#UOM","/net/gsb/pmb/out/p35/d1378"
"pound","lbs","#UOM","/net/gsb/pmb/out/p08/d2449"
"ton","t","#UOM","/net/gsb/pmb/out/p35/d1378"
"ton","t","#UOM","/net/gsb/pmb/out/p35/d1378"
"1968","Nineteen~sixty-eight","#YOC","/net/gsb/pmb/out/p54/d3580"
"1994","94","#YOC","/net/gsb/pmb/out/p01/d1189"
"cubic~metre","m³","#YOC","/net/gsb/pmb/out/p35/d1378"
